sim_id,timestamp,L1I_size,L1I_assoc,L1D_size,L1D_assoc,L2_size,L2_assoc,L3_size,L3_assoc,load_queue,store_queue,num_fu_read,num_fu_write,ipc,cpi,energy,edp,runtime_power,leakage_power,total_power,sim_seconds,sim_ticks
5,2025-10-29T12:16:22.832449,64kB,4,1MB,2,1MB,8,2MB,16,48,80,4,2,0.958725,1.043052,2.681376,2.7968144561,1.881840,0.688862,2.570702,0.118404,118404019916
4,2025-10-29T12:16:26.192842,64kB,4,128kB,8,256kB,8,2MB,16,72,64,2,2,0.957148,1.044771,2.491199,2.6027324569,1.832680,0.551765,2.384445,0.118599,118599141360
1,2025-10-29T12:16:28.305334,64kB,4,1MB,2,1MB,8,2MB,16,48,72,2,1,0.958737,1.043039,2.679328,2.7946439473,1.879950,0.688821,2.568771,0.118403,118402590012
3,2025-10-29T12:16:34.725136,64kB,4,64kB,8,256kB,8,2MB,16,48,64,4,2,0.956451,1.045532,2.486728,2.5999535021,1.834440,0.543993,2.378433,0.118686,118685575344
2,2025-10-29T12:16:38.356293,64kB,4,64kB,4,512kB,8,2MB,16,64,80,3,1,0.958020,1.043819,2.288108,2.3883702018,1.629540,0.562514,2.192054,0.118491,118491057944
6,2025-10-29T12:32:17.061976,64kB,4,128kB,2,256kB,8,2MB,16,72,80,3,1,0.956901,1.045040,2.267977,2.3701268505,1.621400,0.548830,2.170230,0.118630,118629691040
7,2025-10-29T12:32:20.492328,128kB,4,64kB,4,256kB,8,2MB,16,64,64,2,1,0.958513,1.043283,2.270674,2.3689557403,1.630080,0.546390,2.176470,0.118430,118430301304
8,2025-10-29T12:32:29.070932,64kB,4,64kB,4,256kB,8,2MB,16,72,64,4,1,0.956470,1.045511,2.265237,2.3683297238,1.624870,0.541761,2.166631,0.118683,118683128228
10,2025-10-29T12:32:34.113781,128kB,4,512kB,4,1MB,16,2MB,16,72,80,2,2,0.959639,1.042058,2.502157,2.6073931003,1.750370,0.650799,2.401169,0.118291,118291151748
9,2025-10-29T12:32:34.504932,128kB,4,64kB,8,256kB,8,2MB,16,64,80,2,2,0.958549,1.043244,2.499202,2.6072770592,1.846760,0.548846,2.395606,0.118426,118425862128
11,2025-10-29T12:48:18.213665,64kB,4,512kB,2,512kB,8,2MB,16,72,64,2,1,0.958597,1.043191,2.442545,2.5480411089,1.739690,0.601727,2.341417,0.118420,118419750288
12,2025-10-29T12:48:29.968578,64kB,4,128kB,2,256kB,16,2MB,16,72,80,4,1,0.957418,1.044476,2.268636,2.3695362096,1.622090,0.549943,2.172033,0.118566,118565744248
14,2025-10-29T12:48:34.771443,128kB,4,1MB,2,256kB,8,2MB,16,72,80,2,2,0.959571,1.042132,2.629812,2.7406109942,1.889570,0.633922,2.523492,0.118300,118299556480
15,2025-10-29T12:48:38.079990,128kB,4,128kB,8,128kB,16,2MB,16,48,72,2,1,0.958249,1.043570,2.486141,2.5944617887,1.836410,0.545932,2.382342,0.118463,118462785924
13,2025-10-29T12:48:38.265074,128kB,4,1MB,8,1MB,8,2MB,16,72,64,3,2,0.959674,1.042020,2.791095,2.9083772046,1.983480,0.695063,2.678543,0.118287,118286908208
16,2025-10-29T13:04:18.549782,64kB,4,512kB,4,1MB,16,2MB,16,48,80,2,1,0.958619,1.043167,2.491415,2.5989614138,1.742330,0.645988,2.388318,0.118417,118417102776
17,2025-10-29T13:04:27.168387,64kB,4,1MB,4,512kB,16,2MB,16,48,64,4,2,0.958602,1.043186,2.641107,2.7551658670,1.879750,0.652020,2.531770,0.118419,118419224784
20,2025-10-29T13:04:44.626587,64kB,4,1MB,8,128kB,8,2MB,16,64,80,4,2,0.958412,1.043393,2.714244,2.8320231321,1.981230,0.620133,2.601363,0.118443,118442721096
18,2025-10-29T13:04:49.077922,128kB,4,512kB,8,1MB,8,2MB,16,48,80,3,1,0.959612,1.042088,2.640711,2.7518536959,1.886840,0.647218,2.534058,0.118295,118294614648
19,2025-10-29T13:04:49.637726,64kB,4,128kB,4,1MB,8,2MB,16,64,72,2,2,0.958378,1.043430,2.394445,2.4984361905,1.686290,0.608493,2.294783,0.118447,118446991768
21,2025-10-29T13:20:42.760632,128kB,4,512kB,2,128kB,8,2MB,16,72,72,4,1,0.959366,1.042355,2.419669,2.5221537621,1.746170,0.575178,2.321348,0.118325,118324938228
22,2025-10-29T13:21:09.676609,128kB,4,512kB,4,512kB,8,2MB,16,64,72,4,1,0.959582,1.042120,2.452967,2.5562860397,1.747390,0.606434,2.353824,0.118298,118298200356
23,2025-10-29T13:21:21.958997,128kB,4,512kB,4,1MB,16,2MB,16,72,64,3,2,0.959616,1.042083,2.498129,2.6032580789,1.746530,0.650716,2.397246,0.118294,118294083432
24,2025-10-29T13:21:22.391468,128kB,4,1MB,4,128kB,16,2MB,16,72,72,2,2,0.959565,1.042139,2.619796,2.7301912867,1.889490,0.624374,2.513864,0.118300,118300430892
25,2025-10-29T13:21:25.506252,128kB,4,512kB,2,1MB,16,2MB,16,64,80,2,2,0.959571,1.042132,2.499002,2.6042902797,1.747250,0.650721,2.397971,0.118300,118299556004
26,2025-10-29T13:37:24.119209,64kB,4,128kB,4,256kB,8,2MB,16,72,64,3,1,0.956893,1.045049,2.332874,2.4379680361,1.683570,0.548741,2.232311,0.118631,118630752996
27,2025-10-29T13:37:36.284045,128kB,4,1MB,4,128kB,8,2MB,16,72,64,4,2,0.959551,1.042154,2.617627,2.7279706393,1.887560,0.624187,2.511747,0.118302,118302061668
28,2025-10-29T13:37:41.499301,128kB,4,1MB,4,256kB,8,2MB,16,48,72,2,1,0.959585,1.042117,2.627102,2.7377475763,1.886290,0.634638,2.520928,0.118298,118297928560
29,2025-10-29T13:37:46.017447,128kB,4,64kB,4,1MB,8,2MB,16,72,72,3,2,0.959147,1.042593,2.335289,2.4347564486,1.633660,0.606226,2.239886,0.118352,118351970268
30,2025-10-29T13:37:48.207317,128kB,4,64kB,8,1MB,8,2MB,16,64,72,3,2,0.959197,1.042539,2.558596,2.6674362051,1.845640,0.608557,2.454197,0.118346,118345754184
35,2025-10-29T13:54:02.948277,128kB,4,512kB,2,256kB,8,2MB,16,72,64,4,1,0.959434,1.042281,2.428552,2.5312338699,1.744350,0.585686,2.330036,0.118317,118316566816
32,2025-10-29T13:54:03.852318,64kB,4,512kB,2,128kB,8,2MB,16,72,72,4,1,0.958010,1.043830,2.412591,2.5183345600,1.740780,0.570507,2.311287,0.118492,118492404072
31,2025-10-29T13:54:04.672213,128kB,4,512kB,8,128kB,8,2MB,16,48,80,3,1,0.959471,1.042241,2.567682,2.6761430421,1.886700,0.576916,2.463616,0.118312,118311923912
33,2025-10-29T13:54:11.889091,64kB,4,128kB,4,1MB,8,2MB,16,64,72,2,1,0.958378,1.043430,2.394445,2.4984361905,1.686290,0.608493,2.294783,0.118447,118446991768
34,2025-10-29T13:54:12.041692,64kB,4,512kB,2,1MB,8,2MB,16,64,80,2,2,0.958667,1.043115,2.486076,2.5932629567,1.742510,0.640809,2.383319,0.118411,118411140400
37,2025-10-29T14:10:15.758657,128kB,4,512kB,4,256kB,8,2MB,16,64,72,3,1,0.959517,1.042191,2.431487,2.5340737004,1.747330,0.585723,2.333053,0.118306,118306326628
39,2025-10-29T14:10:32.861652,128kB,4,1MB,2,512kB,8,2MB,16,72,64,2,2,0.959602,1.042099,2.647307,2.7587555769,1.885810,0.654550,2.540360,0.118296,118295818928
38,2025-10-29T14:10:41.046613,64kB,4,128kB,4,256kB,8,2MB,16,64,64,2,1,0.956893,1.045049,2.331754,2.4367972755,1.682540,0.548699,2.231239,0.118631,118630752996
36,2025-10-29T14:10:46.342684,128kB,4,128kB,4,1MB,8,2MB,16,64,64,2,2,0.959234,1.042498,2.400062,2.5020596582,1.689100,0.613122,2.302222,0.118341,118341197436
40,2025-10-29T14:10:52.204221,128kB,4,512kB,2,256kB,8,2MB,16,72,72,3,1,0.959442,1.042273,2.430579,2.5333263986,1.746270,0.585728,2.331998,0.118316,118315632428
41,2025-10-29T14:26:50.773922,64kB,4,64kB,4,256kB,8,2MB,16,72,64,2,1,0.956470,1.045511,2.265237,2.3683297238,1.624870,0.541761,2.166631,0.118683,118683128228
44,2025-10-29T14:27:07.053737,64kB,4,128kB,2,128kB,8,2MB,16,72,80,4,1,0.954779,1.047363,2.259214,2.3662175288,1.618770,0.538280,2.157050,0.118893,118893432644
42,2025-10-29T14:27:16.742071,64kB,4,64kB,8,256kB,8,2MB,16,48,64,3,2,0.956451,1.045532,2.486728,2.5999535021,1.834440,0.543993,2.378433,0.118686,118685575344
43,2025-10-29T14:27:29.252099,64kB,4,64kB,4,512kB,8,2MB,16,64,72,3,1,0.958043,1.043794,2.286048,2.3861628569,1.627660,0.562473,2.190133,0.118488,118488246688
45,2025-10-29T14:27:32.458863,64kB,4,64kB,4,1MB,8,2MB,16,72,72,3,2,0.958246,1.043573,2.327590,2.4290105352,1.628850,0.601555,2.230405,0.118463,118463124836
46,2025-10-29T14:43:25.543709,64kB,4,128kB,2,512kB,8,2MB,16,72,80,3,1,0.958091,1.043742,2.288332,2.3884285490,1.622890,0.569541,2.192431,0.118482,118482339052
48,2025-10-29T14:43:55.213027,128kB,4,512kB,4,1MB,8,2MB,16,72,64,2,1,0.959619,1.042080,2.492671,2.5975625865,1.746540,0.645475,2.392015,0.118294,118293675500
47,2025-10-29T14:44:01.048545,128kB,4,64kB,8,1MB,8,2MB,16,64,72,2,2,0.959197,1.042539,2.558596,2.6674362051,1.845640,0.608557,2.454197,0.118346,118345754184
49,2025-10-29T14:44:09.779885,128kB,4,1MB,8,128kB,8,2MB,16,72,72,2,2,0.959613,1.042087,2.719934,2.8344074071,1.985280,0.624803,2.610083,0.118295,118294512784
50,2025-10-29T14:44:11.204403,64kB,4,128kB,4,256kB,8,2MB,16,48,64,2,1,0.956884,1.045059,2.329363,2.4343221404,1.680330,0.548600,2.228930,0.118632,118631902536
51,2025-10-29T14:59:58.346697,64kB,4,128kB,2,128kB,8,2MB,16,72,80,3,1,0.954779,1.047363,2.259214,2.3662175288,1.618770,0.538280,2.157050,0.118893,118893432644
52,2025-10-29T15:00:21.188500,128kB,4,512kB,4,1MB,16,2MB,16,64,80,2,1,0.959639,1.042058,2.501030,2.6062181729,1.749330,0.650757,2.400087,0.118291,118291151748
53,2025-10-29T15:00:38.126649,64kB,4,128kB,8,256kB,8,2MB,16,48,64,3,1,0.957154,1.044764,2.487672,2.5990300334,1.829460,0.551625,2.381085,0.118598,118598416412
55,2025-10-29T15:00:48.969403,128kB,4,64kB,4,128kB,8,2MB,16,64,72,3,2,0.957001,1.044931,2.263740,2.3654516457,1.630520,0.535881,2.166401,0.118617,118617381680
54,2025-10-29T15:00:59.681130,128kB,4,512kB,8,1MB,8,2MB,16,64,64,3,1,0.959624,1.042075,2.639028,2.7500649401,1.885240,0.647234,2.532474,0.118293,118293189980
56,2025-10-29T15:16:34.758604,128kB,4,512kB,2,1MB,16,2MB,16,72,64,3,2,0.959554,1.042151,2.496097,2.6013094677,1.744460,0.650679,2.395139,0.118302,118301696576
57,2025-10-29T15:16:51.628257,128kB,4,512kB,2,512kB,8,2MB,16,72,64,2,2,0.959549,1.042156,2.449970,2.5532510909,1.744470,0.606397,2.350867,0.118302,118302297764
58,2025-10-29T15:17:08.039619,64kB,4,128kB,2,1MB,16,2MB,16,64,80,2,1,0.958266,1.043552,2.333123,2.4347356645,1.621970,0.613782,2.235752,0.118461,118460792912
59,2025-10-29T15:17:24.518092,64kB,4,64kB,8,128kB,8,2MB,16,48,72,2,1,0.954509,1.047659,2.479720,2.5979007680,1.833430,0.533485,2.366915,0.118927,118927022536
60,2025-10-29T15:17:24.983718,64kB,4,64kB,4,512kB,8,2MB,16,48,80,3,1,0.958020,1.043819,2.285708,2.3858653077,1.627340,0.562415,2.189755,0.118491,118491057944
63,2025-10-29T15:34:02.465992,64kB,4,128kB,4,1MB,8,2MB,16,64,72,3,1,0.958378,1.043430,2.394445,2.4984361905,1.686290,0.608493,2.294783,0.118447,118446991768
61,2025-10-29T15:34:10.571141,128kB,4,512kB,4,1MB,16,2MB,16,72,64,2,2,0.959616,1.042083,2.498129,2.6032580789,1.746530,0.650716,2.397246,0.118294,118294083432
64,2025-10-29T15:34:11.322902,128kB,4,64kB,4,1MB,8,2MB,16,72,72,3,2,0.959147,1.042593,2.335289,2.4347564486,1.633660,0.606226,2.239886,0.118352,118351970268
62,2025-10-29T15:34:14.656981,128kB,4,64kB,4,256kB,8,2MB,16,64,64,2,1,0.958513,1.043283,2.270674,2.3689557403,1.630080,0.546390,2.176470,0.118430,118430301304
65,2025-10-29T15:34:15.227136,64kB,4,128kB,2,256kB,8,2MB,16,72,64,2,1,0.956911,1.045029,2.263895,2.3658363868,1.617600,0.548747,2.166347,0.118628,118628444396
67,2025-10-29T15:50:51.397748,64kB,4,512kB,2,512kB,8,2MB,16,72,72,2,1,0.958617,1.043170,2.444552,2.5500833724,1.741620,0.601768,2.343388,0.118417,118417381236
66,2025-10-29T15:50:53.344325,64kB,4,64kB,2,256kB,16,2MB,16,72,64,3,1,0.956459,1.045523,2.213217,2.3139697517,1.574980,0.541872,2.116852,0.118685,118684597164
69,2025-10-29T15:50:57.388748,64kB,4,128kB,2,1MB,8,2MB,16,64,64,2,2,0.958242,1.043578,2.323628,2.4248866895,1.618140,0.608457,2.226597,0.118464,118463746492
68,2025-10-29T15:51:06.739001,64kB,4,128kB,2,1MB,16,2MB,16,64,80,2,1,0.958266,1.043552,2.333123,2.4347356645,1.621970,0.613782,2.235752,0.118461,118460792912
70,2025-10-29T15:51:08.756720,64kB,4,128kB,2,1MB,8,2MB,16,64,80,2,1,0.958245,1.043574,2.327681,2.4291077593,1.621950,0.608540,2.230490,0.118463,118463291912
71,2025-10-29T16:07:27.950916,64kB,4,64kB,2,256kB,8,2MB,16,72,64,2,1,0.956139,1.045873,2.212345,2.3138314522,1.574550,0.540759,2.115309,0.118724,118724321744
73,2025-10-29T16:07:34.951697,64kB,4,128kB,2,128kB,8,2MB,16,72,72,2,1,0.954727,1.047420,2.257261,2.3643006566,1.616830,0.538238,2.155068,0.118900,118899842460
72,2025-10-29T16:07:41.471615,64kB,4,512kB,4,512kB,8,2MB,16,72,80,2,1,0.958563,1.043228,2.448839,2.5546973921,1.745520,0.601847,2.347367,0.118424,118423959556
74,2025-10-29T16:07:49.066785,128kB,4,128kB,4,1MB,8,2MB,16,72,72,3,2,0.959287,1.042441,2.403144,2.5051363031,1.692100,0.613205,2.305305,0.118335,118334626732
75,2025-10-29T16:07:51.961813,64kB,4,512kB,2,128kB,8,2MB,16,72,64,2,1,0.957975,1.043869,2.410612,2.5163630345,1.738840,0.570465,2.309305,0.118497,118496810880
77,2025-10-29T16:24:14.277457,64kB,4,64kB,4,256kB,8,2MB,16,72,72,2,1,0.956459,1.045523,2.267262,2.3704741320,1.626740,0.541803,2.168543,0.118685,118684561940
76,2025-10-29T16:24:17.085392,64kB,4,128kB,4,1MB,8,2MB,16,64,72,2,1,0.958378,1.043430,2.394445,2.4984361905,1.686290,0.608493,2.294783,0.118447,118446991768
78,2025-10-29T16:24:22.159480,64kB,4,128kB,2,256kB,8,2MB,16,72,80,4,1,0.956901,1.045040,2.267977,2.3701268505,1.621400,0.548830,2.170230,0.118630,118629691040
79,2025-10-29T16:24:27.908223,64kB,4,64kB,2,256kB,8,2MB,16,72,64,3,1,0.956139,1.045873,2.212345,2.3138314522,1.574550,0.540759,2.115309,0.118724,118724321744
80,2025-10-29T16:24:38.155135,64kB,4,128kB,2,128kB,8,2MB,16,72,80,2,1,0.954779,1.047363,2.259214,2.3662175288,1.618770,0.538280,2.157050,0.118893,118893432644
81,2025-10-29T16:40:53.792860,64kB,4,64kB,2,256kB,8,2MB,16,72,72,3,1,0.956100,1.045916,2.214413,2.3160903588,1.576400,0.540800,2.117200,0.118729,118729144100
82,2025-10-29T16:40:54.983419,64kB,4,64kB,2,512kB,8,2MB,16,48,80,3,1,0.957699,1.044169,2.232801,2.3314214511,1.576940,0.561412,2.138352,0.118531,118530871060
84,2025-10-29T16:41:04.948782,64kB,4,128kB,2,128kB,8,2MB,16,72,80,4,1,0.954779,1.047363,2.259214,2.3662175288,1.618770,0.538280,2.157050,0.118893,118893432644
83,2025-10-29T16:41:08.286040,64kB,4,128kB,4,1MB,8,2MB,16,64,72,2,1,0.958378,1.043430,2.394445,2.4984361905,1.686290,0.608493,2.294783,0.118447,118446991768
85,2025-10-29T16:41:15.797126,64kB,4,64kB,4,256kB,8,2MB,16,72,72,4,1,0.956459,1.045523,2.267262,2.3704741320,1.626740,0.541803,2.168543,0.118685,118684561940
87,2025-10-29T16:57:44.849384,128kB,4,64kB,4,128kB,8,2MB,16,64,64,2,1,0.956898,1.045044,2.261872,2.3637561101,1.628540,0.535840,2.164380,0.118630,118630189888
86,2025-10-29T16:57:49.202043,64kB,4,128kB,2,256kB,8,2MB,16,72,72,3,1,0.956902,1.045039,2.265947,2.3680025358,1.619500,0.548789,2.168289,0.118630,118629554428
88,2025-10-29T16:57:52.967421,64kB,4,128kB,2,256kB,8,2MB,16,72,72,3,1,0.956902,1.045039,2.265947,2.3680025358,1.619500,0.548789,2.168289,0.118630,118629554428
89,2025-10-29T16:58:00.199687,64kB,4,128kB,2,128kB,8,2MB,16,72,80,2,1,0.954779,1.047363,2.259214,2.3662175288,1.618770,0.538280,2.157050,0.118893,118893432644
90,2025-10-29T16:58:06.546987,64kB,4,64kB,4,256kB,8,2MB,16,72,64,2,1,0.956470,1.045511,2.265237,2.3683297238,1.624870,0.541761,2.166631,0.118683,118683128228
93,2025-10-29T17:14:31.779290,64kB,4,64kB,2,256kB,8,2MB,16,72,64,2,1,0.956139,1.045873,2.212345,2.3138314522,1.574550,0.540759,2.115309,0.118724,118724321744
94,2025-10-29T17:14:32.502986,64kB,4,128kB,2,256kB,16,2MB,16,72,80,3,1,0.957418,1.044476,2.268636,2.3695362096,1.622090,0.549943,2.172033,0.118566,118565744248
92,2025-10-29T17:14:34.595321,64kB,4,64kB,4,256kB,8,2MB,16,72,64,2,1,0.956470,1.045511,2.265237,2.3683297238,1.624870,0.541761,2.166631,0.118683,118683128228
91,2025-10-29T17:14:40.861534,64kB,4,128kB,2,1MB,8,2MB,16,64,72,2,2,0.958268,1.043549,2.325631,2.4269103081,1.620080,0.608499,2.228579,0.118460,118460477800
95,2025-10-29T17:14:46.254021,128kB,4,512kB,2,512kB,8,2MB,16,72,72,3,1,0.959524,1.042183,2.452037,2.5554709624,1.746350,0.606439,2.352789,0.118305,118305434604
96,2025-10-29T17:31:04.667435,128kB,4,64kB,4,1MB,8,2MB,16,72,64,3,2,0.959158,1.042581,2.333248,2.4326003660,1.631770,0.606184,2.237954,0.118351,118350516564
99,2025-10-29T17:31:06.974735,128kB,4,512kB,4,128kB,8,2MB,16,64,80,2,1,0.959465,1.042248,2.422595,2.5249447912,1.749180,0.575214,2.324394,0.118313,118312761196
97,2025-10-29T17:31:07.033779,64kB,4,64kB,2,256kB,8,2MB,16,72,64,3,1,0.956139,1.045873,2.212345,2.3138314522,1.574550,0.540759,2.115309,0.118724,118724321744
98,2025-10-29T17:31:08.490210,128kB,4,512kB,4,1MB,8,2MB,16,72,72,3,2,0.959629,1.042069,2.494688,2.5996372132,1.748460,0.645516,2.393976,0.118292,118292425524
100,2025-10-29T17:31:21.036319,128kB,4,64kB,4,256kB,8,2MB,16,64,64,2,1,0.958513,1.043283,2.270674,2.3689557403,1.630080,0.546390,2.176470,0.118430,118430301304
101,2025-10-29T17:47:21.112239,128kB,4,512kB,4,256kB,8,2MB,16,64,72,2,1,0.959517,1.042191,2.431487,2.5340737004,1.747330,0.585723,2.333053,0.118306,118306326628
104,2025-10-29T17:47:24.099019,128kB,4,512kB,4,128kB,8,2MB,16,72,64,2,1,0.959473,1.042239,2.419655,2.5218585644,1.746420,0.575173,2.321593,0.118312,118311723040
102,2025-10-29T17:47:32.648518,128kB,4,128kB,2,1MB,8,2MB,16,72,80,2,2,0.959122,1.042620,2.336567,2.4361511507,1.627800,0.613253,2.241053,0.118355,118354988584
105,2025-10-29T17:47:45.494682,128kB,4,128kB,4,256kB,8,2MB,16,48,72,2,1,0.958736,1.043040,2.338061,2.4386908662,1.688270,0.553313,2.241583,0.118403,118402675216
103,2025-10-29T17:47:55.862477,64kB,4,512kB,2,1MB,8,2MB,16,72,64,2,2,0.958654,1.043129,2.483165,2.5902618980,1.739730,0.640767,2.380497,0.118413,118412732144
106,2025-10-29T18:03:49.592344,64kB,4,64kB,2,256kB,8,2MB,16,72,64,3,1,0.956139,1.045873,2.212345,2.3138314522,1.574550,0.540759,2.115309,0.118724,118724321744
107,2025-10-29T18:03:52.792492,64kB,4,64kB,4,128kB,8,2MB,16,64,64,2,1,0.954388,1.047792,2.255287,2.3630721047,1.621250,0.531169,2.152419,0.118942,118942140296
108,2025-10-29T18:04:01.028880,64kB,4,128kB,4,1MB,8,2MB,16,64,72,3,1,0.958378,1.043430,2.394445,2.4984361905,1.686290,0.608493,2.294783,0.118447,118446991768
109,2025-10-29T18:04:14.075861,128kB,4,512kB,2,512kB,16,2MB,16,64,80,2,1,0.959557,1.042148,2.454344,2.5577896869,1.747260,0.607822,2.355082,0.118301,118301429540
110,2025-10-29T18:04:26.881015,128kB,4,64kB,4,1MB,8,2MB,16,72,64,3,2,0.959158,1.042581,2.333248,2.4326003660,1.631770,0.606184,2.237954,0.118351,118350516564
112,2025-10-29T18:20:42.887891,128kB,4,64kB,4,512kB,8,2MB,16,64,64,2,1,0.959018,1.042733,2.291667,2.3895973205,1.630650,0.567101,2.197751,0.118368,118367799172
111,2025-10-29T18:20:43.572770,64kB,4,64kB,2,256kB,8,2MB,16,72,72,3,1,0.956100,1.045916,2.214413,2.3160903588,1.576400,0.540800,2.117200,0.118729,118729144100
113,2025-10-29T18:20:53.855817,128kB,4,512kB,4,1MB,8,2MB,16,72,72,3,2,0.959629,1.042069,2.494688,2.5996372132,1.748460,0.645516,2.393976,0.118292,118292425524
114,2025-10-29T18:20:58.048206,64kB,4,64kB,4,256kB,8,2MB,16,64,64,2,1,0.956470,1.045511,2.264117,2.3671590209,1.623840,0.541720,2.165560,0.118683,118683128228
115,2025-10-29T18:21:09.586603,64kB,4,128kB,2,256kB,16,2MB,16,72,72,2,1,0.957437,1.044455,2.266584,2.3673453353,1.620210,0.549902,2.170112,0.118563,118563320456
116,2025-10-29T18:37:07.233290,64kB,4,64kB,2,256kB,8,2MB,16,72,72,3,1,0.956100,1.045916,2.214413,2.3160903588,1.576400,0.540800,2.117200,0.118729,118729144100
117,2025-10-29T18:37:12.282749,64kB,4,512kB,2,1MB,8,2MB,16,64,64,2,2,0.958654,1.043129,2.482048,2.5890965235,1.738700,0.640726,2.379426,0.118413,118412732144
118,2025-10-29T18:37:19.853038,128kB,4,512kB,4,1MB,8,2MB,16,72,64,2,1,0.959619,1.042080,2.492671,2.5975625865,1.746540,0.645475,2.392015,0.118294,118293675500
119,2025-10-29T18:37:26.111730,64kB,4,64kB,2,512kB,8,2MB,16,48,80,2,1,0.957699,1.044169,2.232801,2.3314214511,1.576940,0.561412,2.138352,0.118531,118530871060
120,2025-10-29T18:37:26.538552,64kB,4,64kB,2,512kB,8,2MB,16,48,80,3,1,0.957699,1.044169,2.232801,2.3314214511,1.576940,0.561412,2.138352,0.118531,118530871060
121,2025-10-29T18:53:41.532908,128kB,4,512kB,2,256kB,8,2MB,16,72,64,2,1,0.959434,1.042281,2.428552,2.5312338699,1.744350,0.585686,2.330036,0.118317,118316566816
125,2025-10-29T18:53:45.178399,64kB,4,64kB,2,512kB,8,2MB,16,64,64,2,1,0.957689,1.044180,2.231150,2.3297217127,1.575320,0.561428,2.136748,0.118532,118532084860
122,2025-10-29T18:53:45.823844,128kB,4,128kB,4,1MB,16,2MB,16,72,80,2,2,0.959317,1.042408,2.410598,2.5128263142,1.694040,0.618488,2.312528,0.118331,118330951060
123,2025-10-29T18:53:46.193583,128kB,4,128kB,4,1MB,16,2MB,16,48,80,2,1,0.959294,1.042433,2.407121,2.5092619592,1.690790,0.618347,2.309137,0.118334,118333774216
124,2025-10-29T18:53:50.169100,128kB,4,512kB,4,1MB,8,2MB,16,72,72,3,1,0.959629,1.042069,2.494688,2.5996372132,1.748460,0.645516,2.393976,0.118292,118292425524
126,2025-10-29T19:09:57.091096,64kB,4,64kB,4,512kB,8,2MB,16,48,64,3,1,0.958025,1.043814,2.281654,2.3816226326,1.623550,0.562332,2.185882,0.118491,118490561000
129,2025-10-29T19:10:19.059162,64kB,4,64kB,2,256kB,8,2MB,16,64,80,2,1,0.956238,1.045765,2.215129,2.3165043424,1.577390,0.540800,2.118190,0.118712,118712030948
127,2025-10-29T19:10:19.463983,128kB,4,512kB,4,256kB,8,2MB,16,64,72,2,1,0.959517,1.042191,2.431487,2.5340737004,1.747330,0.585723,2.333053,0.118306,118306326628
128,2025-10-29T19:10:19.901392,64kB,4,64kB,2,256kB,8,2MB,16,72,64,3,1,0.956139,1.045873,2.212345,2.3138314522,1.574550,0.540759,2.115309,0.118724,118724321744
130,2025-10-29T19:10:25.602941,128kB,4,128kB,4,1MB,16,2MB,16,64,80,3,1,0.959317,1.042408,2.409470,2.5116505973,1.693000,0.618446,2.311446,0.118331,118330951060
131,2025-10-29T19:26:08.071892,128kB,4,512kB,4,128kB,8,2MB,16,72,80,2,1,0.959465,1.042248,2.423723,2.5261201471,1.750220,0.575256,2.325476,0.118313,118312761196
133,2025-10-29T19:26:24.483891,128kB,4,512kB,4,256kB,8,2MB,16,64,72,2,1,0.959517,1.042191,2.431487,2.5340737004,1.747330,0.585723,2.333053,0.118306,118306326628
134,2025-10-29T19:26:27.047641,64kB,4,128kB,2,1MB,8,2MB,16,64,72,2,2,0.958268,1.043549,2.325631,2.4269103081,1.620080,0.608499,2.228579,0.118460,118460477800
132,2025-10-29T19:26:34.916611,64kB,4,128kB,2,512kB,8,2MB,16,64,64,2,2,0.958075,1.043760,2.283169,2.3830800965,1.618030,0.569416,2.187446,0.118484,118484404892
135,2025-10-29T19:26:45.338376,64kB,4,128kB,2,256kB,8,2MB,16,72,64,2,1,0.956911,1.045029,2.263895,2.3658363868,1.617600,0.548747,2.166347,0.118628,118628444396
136,2025-10-29T19:42:08.044212,64kB,4,512kB,4,512kB,8,2MB,16,48,64,3,1,0.958549,1.043243,2.441275,2.5468432730,1.738460,0.601623,2.340083,0.118426,118425720756
137,2025-10-29T19:42:35.135054,128kB,4,512kB,4,512kB,8,2MB,16,72,64,2,1,0.959566,1.042138,2.452082,2.5554077614,1.746500,0.606434,2.352934,0.118300,118300233828
138,2025-10-29T19:42:37.560423,128kB,4,64kB,4,256kB,8,2MB,16,64,64,2,1,0.958513,1.043283,2.270674,2.3689557403,1.630080,0.546390,2.176470,0.118430,118430301304
140,2025-10-29T19:42:48.359103,128kB,4,512kB,4,256kB,8,2MB,16,64,72,4,1,0.959517,1.042191,2.431487,2.5340737004,1.747330,0.585723,2.333053,0.118306,118306326628
139,2025-10-29T19:42:49.191746,64kB,4,64kB,4,256kB,8,2MB,16,64,64,2,1,0.956470,1.045511,2.264117,2.3671590209,1.623840,0.541720,2.165560,0.118683,118683128228
141,2025-10-29T19:58:45.826255,128kB,4,512kB,4,1MB,8,2MB,16,72,64,2,1,0.959619,1.042080,2.492671,2.5975625865,1.746540,0.645475,2.392015,0.118294,118293675500
145,2025-10-29T19:59:08.425106,128kB,4,512kB,2,128kB,8,2MB,16,72,64,2,1,0.959367,1.042354,2.417642,2.5200389361,1.744270,0.575136,2.319406,0.118325,118324761632
142,2025-10-29T19:59:11.371155,128kB,4,64kB,4,512kB,8,2MB,16,64,64,2,1,0.959018,1.042733,2.291667,2.3895973205,1.630650,0.567101,2.197751,0.118368,118367799172
143,2025-10-29T19:59:13.934281,64kB,4,64kB,4,256kB,8,2MB,16,48,64,3,1,0.956475,1.045506,2.261713,2.3646343133,1.621650,0.541621,2.163271,0.118683,118682594632
144,2025-10-29T19:59:16.853662,64kB,4,64kB,4,512kB,8,2MB,16,64,72,3,1,0.958043,1.043794,2.286048,2.3861628569,1.627660,0.562473,2.190133,0.118488,118488246688
146,2025-10-29T20:14:56.195572,64kB,4,64kB,4,256kB,16,2MB,16,72,64,3,1,0.956713,1.045245,2.266189,2.3687231530,1.625220,0.542874,2.168094,0.118653,118652963632
147,2025-10-29T20:15:00.449626,64kB,4,64kB,2,256kB,8,2MB,16,72,72,3,1,0.956100,1.045916,2.214413,2.3160903588,1.576400,0.540800,2.117200,0.118729,118729144100
149,2025-10-29T20:15:11.084787,64kB,4,64kB,2,512kB,8,2MB,16,72,64,3,1,0.957689,1.044180,2.232269,2.3308905271,1.576350,0.561470,2.137820,0.118532,118532084860
148,2025-10-29T20:15:16.463619,128kB,4,128kB,4,1MB,8,2MB,16,72,72,3,2,0.959287,1.042441,2.403144,2.5051363031,1.692100,0.613205,2.305305,0.118335,118334626732
150,2025-10-29T20:15:17.576294,64kB,4,64kB,2,128kB,8,2MB,16,48,64,3,1,0.954155,1.048048,2.199902,2.3056029020,1.568980,0.530067,2.099047,0.118971,118971120128
154,2025-10-29T20:31:03.574508,64kB,4,64kB,2,256kB,8,2MB,16,48,64,2,1,0.956119,1.045895,2.208844,2.3102193939,1.571300,0.540618,2.111918,0.118727,118726725068
153,2025-10-29T20:31:13.909183,128kB,4,64kB,4,512kB,8,2MB,16,72,64,2,1,0.959018,1.042733,2.292796,2.3907737705,1.631690,0.567143,2.198833,0.118368,118367799172
155,2025-10-29T20:31:17.136006,128kB,4,64kB,4,256kB,8,2MB,16,64,64,2,1,0.958513,1.043283,2.270674,2.3689557403,1.630080,0.546390,2.176470,0.118430,118430301304
151,2025-10-29T20:31:20.054914,64kB,4,64kB,2,256kB,8,2MB,16,48,64,3,1,0.956119,1.045895,2.208844,2.3102193939,1.571300,0.540618,2.111918,0.118727,118726725068
152,2025-10-29T20:31:29.187926,64kB,4,64kB,4,512kB,8,2MB,16,72,64,2,1,0.958027,1.043812,2.285169,2.3852863571,1.626780,0.562473,2.189253,0.118490,118490311576
156,2025-10-29T20:46:45.813681,64kB,4,64kB,2,512kB,8,2MB,16,64,64,2,1,0.957689,1.044180,2.231150,2.3297217127,1.575320,0.561428,2.136748,0.118532,118532084860
157,2025-10-29T20:47:11.501300,64kB,4,64kB,2,512kB,8,2MB,16,48,80,3,1,0.957699,1.044169,2.232801,2.3314214511,1.576940,0.561412,2.138352,0.118531,118530871060
159,2025-10-29T20:47:12.720211,64kB,4,64kB,2,512kB,8,2MB,16,48,72,3,1,0.957716,1.044151,2.230757,2.3292466982,1.575060,0.561371,2.136431,0.118529,118528733344
158,2025-10-29T20:47:13.651345,128kB,4,512kB,2,512kB,8,2MB,16,72,64,2,2,0.959549,1.042156,2.449970,2.5532510909,1.744470,0.606397,2.350867,0.118302,118302297764
160,2025-10-29T20:47:22.651744,64kB,4,64kB,2,512kB,16,2MB,16,72,64,3,1,0.957707,1.044161,2.233704,2.3323462562,1.576380,0.562853,2.139233,0.118530,118529964280
161,2025-10-29T21:02:28.819216,128kB,4,512kB,4,512kB,8,2MB,16,64,64,2,1,0.959566,1.042138,2.450965,2.5542435141,1.745470,0.606392,2.351862,0.118300,118300233828
163,2025-10-29T21:02:49.844065,128kB,4,64kB,4,512kB,8,2MB,16,64,64,2,1,0.959018,1.042733,2.291667,2.3895973205,1.630650,0.567101,2.197751,0.118368,118367799172
162,2025-10-29T21:02:50.720547,128kB,4,128kB,4,256kB,8,2MB,16,64,72,3,1,0.958756,1.043018,2.340430,2.4411108016,1.690490,0.553412,2.243902,0.118400,118400217628
164,2025-10-29T21:03:07.688460,128kB,4,128kB,4,128kB,8,2MB,16,48,64,2,1,0.958219,1.043603,2.325670,2.4270765325,1.685780,0.542721,2.228501,0.118467,118466558224
165,2025-10-29T21:03:09.120222,128kB,4,512kB,4,512kB,8,2MB,16,72,64,2,1,0.959566,1.042138,2.452082,2.5554077614,1.746500,0.606434,2.352934,0.118300,118300233828
166,2025-10-29T21:18:27.304356,128kB,4,512kB,8,1MB,8,2MB,16,64,64,3,2,0.959624,1.042075,2.639028,2.7500649401,1.885240,0.647234,2.532474,0.118293,118293189980
168,2025-10-29T21:18:29.062864,64kB,4,64kB,4,512kB,8,2MB,16,48,72,3,1,0.958043,1.043794,2.283658,2.3836689779,1.625470,0.562374,2.187844,0.118488,118488274296
167,2025-10-29T21:18:30.667242,64kB,4,64kB,2,512kB,8,2MB,16,64,64,2,1,0.957689,1.044180,2.231150,2.3297217127,1.575320,0.561428,2.136748,0.118532,118532084860
170,2025-10-29T21:18:37.909581,128kB,4,1MB,4,128kB,8,2MB,16,72,64,3,2,0.959551,1.042154,2.617627,2.7279706393,1.887560,0.624187,2.511747,0.118302,118302061668
169,2025-10-29T21:19:00.929587,128kB,4,64kB,4,256kB,8,2MB,16,48,64,2,1,0.958519,1.043276,2.268271,2.3664325466,1.627890,0.546291,2.174181,0.118429,118429417848
171,2025-10-29T21:34:06.560384,64kB,4,128kB,2,128kB,8,2MB,16,64,64,2,2,0.954760,1.047384,2.254059,2.3608657460,1.613930,0.538155,2.152085,0.118896,118895744100
172,2025-10-29T21:34:15.257339,64kB,4,64kB,2,256kB,16,2MB,16,72,64,3,1,0.956459,1.045523,2.213217,2.3139697517,1.574980,0.541872,2.116852,0.118685,118684597164
173,2025-10-29T21:34:18.277949,128kB,4,64kB,4,512kB,8,2MB,16,72,64,3,2,0.959018,1.042733,2.292796,2.3907737705,1.631690,0.567143,2.198833,0.118368,118367799172
174,2025-10-29T21:34:19.686685,128kB,4,512kB,4,1MB,8,2MB,16,48,72,2,1,0.959622,1.042077,2.491185,2.5960067037,1.745220,0.645376,2.390596,0.118293,118293358008
175,2025-10-29T21:34:41.364851,128kB,4,128kB,2,256kB,8,2MB,16,64,64,3,1,0.958651,1.043132,2.269684,2.3675801755,1.622460,0.553376,2.175836,0.118413,118413093904
176,2025-10-29T21:49:31.043135,128kB,4,512kB,4,1MB,8,2MB,16,72,64,3,2,0.959619,1.042080,2.492671,2.5975625865,1.746540,0.645475,2.392015,0.118294,118293675500
178,2025-10-29T21:50:02.574817,128kB,4,512kB,2,512kB,8,2MB,16,72,64,3,2,0.959549,1.042156,2.449970,2.5532510909,1.744470,0.606397,2.350867,0.118302,118302297764
177,2025-10-29T21:50:03.015412,64kB,4,64kB,2,256kB,8,2MB,16,72,72,3,1,0.956100,1.045916,2.214413,2.3160903588,1.576400,0.540800,2.117200,0.118729,118729144100
179,2025-10-29T21:50:03.775883,128kB,4,64kB,4,512kB,8,2MB,16,48,64,2,1,0.959016,1.042735,2.289276,2.3871078803,1.628450,0.567003,2.195453,0.118368,118368092864
180,2025-10-29T21:50:14.624388,128kB,4,64kB,4,128kB,8,2MB,16,48,64,2,1,0.956902,1.045039,2.259469,2.3612336596,1.626350,0.535741,2.162091,0.118630,118629618688
185,2025-10-29T22:05:47.924771,128kB,4,64kB,4,512kB,8,2MB,16,64,64,3,1,0.959018,1.042733,2.291667,2.3895973205,1.630650,0.567101,2.197751,0.118368,118367799172
182,2025-10-29T22:05:50.785478,64kB,4,64kB,2,128kB,8,2MB,16,48,64,3,1,0.954155,1.048048,2.199902,2.3056029020,1.568980,0.530067,2.099047,0.118971,118971120128
183,2025-10-29T22:05:51.349431,128kB,4,512kB,4,512kB,8,2MB,16,64,64,3,1,0.959566,1.042138,2.450965,2.5542435141,1.745470,0.606392,2.351862,0.118300,118300233828
181,2025-10-29T22:05:52.326247,128kB,4,512kB,4,512kB,8,2MB,16,64,64,2,1,0.959566,1.042138,2.450965,2.5542435141,1.745470,0.606392,2.351862,0.118300,118300233828
184,2025-10-29T22:05:55.901104,128kB,4,64kB,4,256kB,8,2MB,16,48,64,2,1,0.958519,1.043276,2.268271,2.3664325466,1.627890,0.546291,2.174181,0.118429,118429417848
188,2025-10-29T22:21:24.491858,128kB,4,64kB,4,256kB,8,2MB,16,48,64,2,1,0.958519,1.043276,2.268271,2.3664325466,1.627890,0.546291,2.174181,0.118429,118429417848
187,2025-10-29T22:21:25.574325,128kB,4,512kB,2,512kB,8,2MB,16,72,64,3,2,0.959549,1.042156,2.449970,2.5532510909,1.744470,0.606397,2.350867,0.118302,118302297764
186,2025-10-29T22:21:37.108576,64kB,4,128kB,2,512kB,8,2MB,16,48,64,2,1,0.958094,1.043739,2.280756,2.3805134654,1.615860,0.569318,2.185178,0.118482,118482012516
190,2025-10-29T22:21:38.189224,128kB,4,128kB,4,1MB,8,2MB,16,64,80,2,1,0.959288,1.042440,2.404059,2.5060877762,1.692980,0.613205,2.306185,0.118335,118334589128
189,2025-10-29T22:21:39.552038,128kB,4,512kB,4,256kB,8,2MB,16,64,64,3,1,0.959493,1.042217,2.429492,2.5320581208,1.745400,0.585681,2.331081,0.118309,118309214044
192,2025-10-29T22:37:12.222056,128kB,4,128kB,4,1MB,8,2MB,16,64,72,3,1,0.959287,1.042441,2.402028,2.5039724653,1.691070,0.613164,2.304234,0.118335,118334626732
193,2025-10-29T22:37:16.625374,128kB,4,512kB,4,128kB,16,2MB,16,64,72,2,1,0.959483,1.042228,2.420708,2.5229295899,1.747310,0.575318,2.322628,0.118310,118310497816
191,2025-10-29T22:37:16.724085,128kB,4,512kB,8,1MB,8,2MB,16,48,72,3,1,0.959628,1.042071,2.638656,2.7496670164,1.884950,0.647177,2.532127,0.118293,118292635440
194,2025-10-29T22:37:17.005129,128kB,4,64kB,4,512kB,8,2MB,16,48,64,2,1,0.959016,1.042735,2.289276,2.3871078803,1.628450,0.567003,2.195453,0.118368,118368092864
195,2025-10-29T22:37:17.671806,128kB,4,512kB,4,512kB,8,2MB,16,64,72,3,1,0.959582,1.042120,2.452967,2.5562860397,1.747390,0.606434,2.353824,0.118298,118298200356
198,2025-10-29T22:52:33.814247,64kB,4,64kB,2,256kB,8,2MB,16,48,64,3,1,0.956119,1.045895,2.208844,2.3102193939,1.571300,0.540618,2.111918,0.118727,118726725068
197,2025-10-29T22:52:40.066981,128kB,4,128kB,2,512kB,8,2MB,16,64,64,2,1,0.959012,1.042740,2.290897,2.3888095747,1.622910,0.574087,2.196997,0.118369,118368627888
200,2025-10-29T22:52:43.522846,128kB,4,64kB,4,512kB,8,2MB,16,48,72,3,2,0.959028,1.042722,2.291292,2.3891804944,1.630370,0.567044,2.197414,0.118367,118366640112
199,2025-10-29T22:52:46.029384,128kB,4,512kB,2,128kB,8,2MB,16,72,64,2,1,0.959367,1.042354,2.417642,2.5200389361,1.744270,0.575136,2.319406,0.118325,118324761632
196,2025-10-29T22:52:47.832012,128kB,4,64kB,8,1MB,8,2MB,16,64,64,2,2,0.959209,1.042526,2.556560,2.6652807362,1.843760,0.608515,2.452275,0.118344,118344365692
201,2025-10-29T23:08:01.557681,64kB,4,64kB,2,128kB,8,2MB,16,48,64,3,1,0.954155,1.048048,2.199902,2.3056029020,1.568980,0.530067,2.099047,0.118971,118971120128
203,2025-10-29T23:08:07.872730,128kB,4,64kB,4,1MB,8,2MB,16,64,64,3,1,0.959158,1.042581,2.332120,2.4314242589,1.630730,0.606142,2.236872,0.118351,118350516564
204,2025-10-29T23:08:14.954116,128kB,4,512kB,4,1MB,8,2MB,16,64,64,3,1,0.959619,1.042080,2.491554,2.5963984688,1.745510,0.645433,2.390943,0.118294,118293675500
205,2025-10-29T23:08:15.413598,64kB,4,64kB,2,512kB,8,2MB,16,64,64,2,1,0.957689,1.044180,2.231150,2.3297217127,1.575320,0.561428,2.136748,0.118532,118532084860
202,2025-10-29T23:08:17.040294,128kB,4,512kB,4,1MB,8,2MB,16,64,64,2,1,0.959619,1.042080,2.491554,2.5963984688,1.745510,0.645433,2.390943,0.118294,118293675500
207,2025-10-29T23:23:27.029246,64kB,4,64kB,4,128kB,8,2MB,16,72,64,3,1,0.954388,1.047792,2.256411,2.3642490193,1.622280,0.531211,2.153491,0.118942,118942140296
208,2025-10-29T23:23:29.260955,64kB,4,64kB,2,128kB,8,2MB,16,48,72,3,1,0.954174,1.048027,2.201914,2.3076654906,1.570900,0.530109,2.101009,0.118969,118968812480
206,2025-10-29T23:23:44.261222,64kB,4,64kB,2,256kB,8,2MB,16,48,64,3,1,0.956119,1.045895,2.208844,2.3102193939,1.571300,0.540618,2.111918,0.118727,118726725068
209,2025-10-29T23:23:47.654552,128kB,4,64kB,4,1MB,8,2MB,16,64,64,3,2,0.959158,1.042581,2.332120,2.4314242589,1.630730,0.606142,2.236872,0.118351,118350516564
210,2025-10-29T23:23:49.283642,128kB,4,512kB,4,1MB,8,2MB,16,72,64,3,1,0.959619,1.042080,2.492671,2.5975625865,1.746540,0.645475,2.392015,0.118294,118293675500
215,2025-10-29T23:39:12.023930,64kB,4,64kB,2,256kB,8,2MB,16,64,64,3,1,0.956139,1.045873,2.211223,2.3126588446,1.573520,0.540717,2.114237,0.118724,118724321744
211,2025-10-29T23:39:14.112090,128kB,4,64kB,2,256kB,8,2MB,16,48,64,3,1,0.958228,1.043593,2.215432,2.3120094317,1.577600,0.545289,2.122889,0.118465,118465426772
213,2025-10-29T23:39:14.405357,64kB,4,64kB,2,512kB,8,2MB,16,48,72,3,1,0.957716,1.044151,2.230757,2.3292466982,1.575060,0.561371,2.136431,0.118529,118528733344
212,2025-10-29T23:39:14.699986,64kB,4,64kB,2,128kB,8,2MB,16,64,72,3,1,0.954183,1.048017,2.204303,2.3101465353,1.573100,0.530208,2.103308,0.118968,118967603916
214,2025-10-29T23:39:15.332533,128kB,4,128kB,4,1MB,8,2MB,16,48,72,2,1,0.959287,1.042441,2.399631,2.5014741806,1.688870,0.613065,2.301935,0.118335,118334626732
216,2025-10-29T23:54:24.839881,64kB,4,512kB,2,128kB,8,2MB,16,64,64,2,1,0.957975,1.043869,2.409483,2.5151851094,1.737800,0.570424,2.308224,0.118497,118496810880
219,2025-10-29T23:54:36.639883,64kB,4,64kB,2,512kB,8,2MB,16,48,64,2,1,0.957689,1.044180,2.228749,2.3272150857,1.573120,0.561329,2.134449,0.118532,118532084860
218,2025-10-29T23:54:41.283942,128kB,4,64kB,4,256kB,8,2MB,16,48,72,2,1,0.958441,1.043361,2.270409,2.3688560316,1.629720,0.546333,2.176053,0.118439,118439133960
217,2025-10-29T23:54:44.041655,128kB,4,512kB,2,1MB,8,2MB,16,64,64,3,1,0.959563,1.042141,2.489504,2.5944141233,1.743440,0.645396,2.388836,0.118301,118300586068
220,2025-10-29T23:54:47.366434,128kB,4,512kB,4,1MB,8,2MB,16,64,72,2,1,0.959629,1.042069,2.493562,2.5984633469,1.747420,0.645475,2.392895,0.118292,118292425524
221,2025-10-30T00:09:32.348596,64kB,4,64kB,2,128kB,8,2MB,16,48,72,3,1,0.954174,1.048027,2.201914,2.3076654906,1.570900,0.530109,2.101009,0.118969,118968812480
222,2025-10-30T00:09:55.702730,128kB,4,128kB,2,256kB,8,2MB,16,64,72,3,1,0.958637,1.043148,2.271734,2.3697551267,1.624350,0.553418,2.177768,0.118415,118414962204
223,2025-10-30T00:10:02.828839,128kB,4,1MB,4,1MB,8,2MB,16,72,64,2,1,0.959641,1.042056,2.690795,2.8039589902,1.887710,0.694488,2.582198,0.118291,118290900896
224,2025-10-30T00:10:04.037923,64kB,4,64kB,2,512kB,8,2MB,16,48,72,3,1,0.957716,1.044151,2.230757,2.3292466982,1.575060,0.561371,2.136431,0.118529,118528733344
225,2025-10-30T00:10:10.797181,128kB,4,64kB,4,1MB,8,2MB,16,64,64,3,2,0.959158,1.042581,2.332120,2.4314242589,1.630730,0.606142,2.236872,0.118351,118350516564
226,2025-10-30T00:24:54.528449,128kB,4,1MB,8,1MB,8,2MB,16,48,64,3,2,0.959679,1.042015,2.787559,2.9046782199,1.980240,0.694922,2.675162,0.118286,118286348432
227,2025-10-30T00:25:09.246066,128kB,4,512kB,4,1MB,8,2MB,16,64,64,2,1,0.959619,1.042080,2.491554,2.5963984688,1.745510,0.645433,2.390943,0.118294,118293675500
228,2025-10-30T00:25:23.942396,64kB,4,64kB,2,256kB,8,2MB,16,48,64,3,1,0.956119,1.045895,2.208844,2.3102193939,1.571300,0.540618,2.111918,0.118727,118726725068
230,2025-10-30T00:25:28.811868,128kB,4,64kB,4,512kB,8,2MB,16,48,72,3,2,0.959028,1.042722,2.291292,2.3891804944,1.630370,0.567044,2.197414,0.118367,118366640112
229,2025-10-30T00:25:32.075862,128kB,4,128kB,4,1MB,8,2MB,16,64,64,3,1,0.959234,1.042498,2.400062,2.5020596582,1.689100,0.613122,2.302222,0.118341,118341197436
231,2025-10-30T00:40:08.557059,64kB,4,64kB,4,512kB,8,2MB,16,48,64,2,1,0.958025,1.043814,2.281654,2.3816226326,1.623550,0.562332,2.185882,0.118491,118490561000
232,2025-10-30T00:40:20.248616,64kB,4,64kB,2,128kB,8,2MB,16,48,64,3,1,0.954155,1.048048,2.199902,2.3056029020,1.568980,0.530067,2.099047,0.118971,118971120128
233,2025-10-30T00:40:35.304354,128kB,4,128kB,4,1MB,8,2MB,16,64,64,2,2,0.959234,1.042498,2.400062,2.5020596582,1.689100,0.613122,2.302222,0.118341,118341197436
234,2025-10-30T00:40:45.992673,64kB,4,64kB,2,128kB,8,2MB,16,48,64,3,1,0.954155,1.048048,2.199902,2.3056029020,1.568980,0.530067,2.099047,0.118971,118971120128
235,2025-10-30T00:40:50.253592,128kB,4,512kB,2,128kB,8,2MB,16,64,64,2,1,0.959367,1.042354,2.416514,2.5188633411,1.743230,0.575094,2.318324,0.118325,118324761632
236,2025-10-30T00:55:19.002958,64kB,4,64kB,2,512kB,8,2MB,16,64,64,3,2,0.957689,1.044180,2.231150,2.3297217127,1.575320,0.561428,2.136748,0.118532,118532084860
237,2025-10-30T00:55:27.374994,128kB,4,512kB,4,1MB,8,2MB,16,64,64,2,1,0.959619,1.042080,2.491554,2.5963984688,1.745510,0.645433,2.390943,0.118294,118293675500
239,2025-10-30T00:55:52.302099,128kB,4,512kB,4,256kB,8,2MB,16,64,64,3,1,0.959493,1.042217,2.429492,2.5320581208,1.745400,0.585681,2.331081,0.118309,118309214044
238,2025-10-30T00:55:52.757999,128kB,4,512kB,4,512kB,8,2MB,16,64,64,3,1,0.959566,1.042138,2.450965,2.5542435141,1.745470,0.606392,2.351862,0.118300,118300233828
240,2025-10-30T00:55:53.020286,64kB,4,64kB,2,128kB,8,2MB,16,48,72,3,1,0.954174,1.048027,2.201914,2.3076654906,1.570900,0.530109,2.101009,0.118969,118968812480
242,2025-10-30T01:10:59.576069,128kB,4,64kB,2,128kB,8,2MB,16,64,72,3,1,0.956677,1.045285,2.210913,2.3110337946,1.580250,0.534879,2.115129,0.118658,118657508480
241,2025-10-30T01:11:03.660053,64kB,4,64kB,2,256kB,8,2MB,16,64,64,3,1,0.956139,1.045873,2.211223,2.3126588446,1.573520,0.540717,2.114237,0.118724,118724321744
243,2025-10-30T01:11:11.672493,128kB,4,64kB,4,1MB,8,2MB,16,64,64,3,2,0.959158,1.042581,2.332120,2.4314242589,1.630730,0.606142,2.236872,0.118351,118350516564
245,2025-10-30T01:11:12.687814,128kB,4,128kB,4,1MB,8,2MB,16,48,72,2,1,0.959287,1.042441,2.399631,2.5014741806,1.688870,0.613065,2.301935,0.118335,118334626732
244,2025-10-30T01:11:21.515567,64kB,4,64kB,2,128kB,8,2MB,16,64,72,2,1,0.954183,1.048017,2.204303,2.3101465353,1.573100,0.530208,2.103308,0.118968,118967603916
247,2025-10-30T01:26:09.104974,128kB,4,128kB,2,256kB,8,2MB,16,64,64,3,1,0.958651,1.043132,2.269684,2.3675801755,1.622460,0.553376,2.175836,0.118413,118413093904
246,2025-10-30T01:26:09.365278,64kB,4,64kB,4,128kB,8,2MB,16,48,64,3,1,0.954376,1.047805,2.252906,2.3606066812,1.619050,0.531070,2.150120,0.118944,118943594476
248,2025-10-30T01:26:21.624776,128kB,4,512kB,4,128kB,8,2MB,16,48,64,2,1,0.959473,1.042239,2.416141,2.5181967748,1.743190,0.575032,2.318222,0.118312,118311723040
249,2025-10-30T01:26:26.575111,128kB,4,512kB,4,1MB,8,2MB,16,64,72,2,1,0.959629,1.042069,2.493562,2.5984633469,1.747420,0.645475,2.392895,0.118292,118292425524
250,2025-10-30T01:26:33.578764,128kB,4,64kB,4,256kB,8,2MB,16,48,64,2,1,0.958519,1.043276,2.268271,2.3664325466,1.627890,0.546291,2.174181,0.118429,118429417848
252,2025-10-30T01:41:23.176756,128kB,4,64kB,4,1MB,8,2MB,16,64,64,2,2,0.959158,1.042581,2.332120,2.4314242589,1.630730,0.606142,2.236872,0.118351,118350516564
251,2025-10-30T01:41:42.638401,128kB,4,64kB,4,1MB,8,2MB,16,64,64,3,2,0.959158,1.042581,2.332120,2.4314242589,1.630730,0.606142,2.236872,0.118351,118350516564
253,2025-10-30T01:41:51.041204,128kB,4,64kB,4,512kB,8,2MB,16,48,72,3,2,0.959028,1.042722,2.291292,2.3891804944,1.630370,0.567044,2.197414,0.118367,118366640112
254,2025-10-30T01:41:51.552414,128kB,4,1MB,2,1MB,8,2MB,16,48,64,2,2,0.959619,1.042080,2.684450,2.7974118477,1.882600,0.693450,2.576050,0.118294,118293718340
255,2025-10-30T01:42:00.498252,128kB,4,1MB,4,1MB,8,2MB,16,72,64,2,1,0.959641,1.042056,2.690795,2.8039589902,1.887710,0.694488,2.582198,0.118291,118290900896
256,2025-10-30T01:56:34.916041,64kB,4,128kB,2,128kB,8,2MB,16,64,64,3,1,0.954760,1.047384,2.254059,2.3608657460,1.613930,0.538155,2.152085,0.118896,118895744100
257,2025-10-30T01:56:55.635931,128kB,4,128kB,4,1MB,8,2MB,16,64,72,3,1,0.959287,1.042441,2.402028,2.5039724653,1.691070,0.613164,2.304234,0.118335,118334626732
259,2025-10-30T01:56:57.464844,64kB,4,512kB,2,128kB,8,2MB,16,64,64,2,1,0.957975,1.043869,2.409483,2.5151851094,1.737800,0.570424,2.308224,0.118497,118496810880
258,2025-10-30T01:56:59.971138,64kB,4,512kB,2,256kB,8,2MB,16,48,72,3,1,0.958524,1.043271,2.419551,2.5242473636,1.738280,0.580917,2.319197,0.118429,118428867116
260,2025-10-30T01:57:16.747732,128kB,4,64kB,4,1MB,8,2MB,16,64,64,3,2,0.959158,1.042581,2.332120,2.4314242589,1.630730,0.606142,2.236872,0.118351,118350516564
261,2025-10-30T02:11:46.716625,128kB,4,64kB,2,128kB,8,2MB,16,64,72,3,1,0.956677,1.045285,2.210913,2.3110337946,1.580250,0.534879,2.115129,0.118658,118657508480
263,2025-10-30T02:12:07.543708,128kB,4,512kB,4,1MB,8,2MB,16,48,72,2,1,0.959622,1.042077,2.491185,2.5960067037,1.745220,0.645376,2.390596,0.118293,118293358008
264,2025-10-30T02:12:14.880695,64kB,4,64kB,2,128kB,8,2MB,16,64,72,3,1,0.954183,1.048017,2.204303,2.3101465353,1.573100,0.530208,2.103308,0.118968,118967603916
262,2025-10-30T02:12:18.579444,64kB,4,64kB,2,256kB,16,2MB,16,72,64,3,1,0.956459,1.045523,2.213217,2.3139697517,1.574980,0.541872,2.116852,0.118685,118684597164
265,2025-10-30T02:12:33.268125,64kB,4,64kB,2,256kB,8,2MB,16,48,64,3,1,0.956119,1.045895,2.208844,2.3102193939,1.571300,0.540618,2.111918,0.118727,118726725068
266,2025-10-30T02:26:58.331812,64kB,4,512kB,4,1MB,16,2MB,16,48,64,3,1,0.958619,1.043167,2.487353,2.5947250614,1.738520,0.645905,2.384425,0.118417,118417075644
267,2025-10-30T02:27:10.016552,64kB,4,64kB,4,128kB,8,2MB,16,48,64,3,1,0.954376,1.047805,2.252906,2.3606066812,1.619050,0.531070,2.150120,0.118944,118943594476
268,2025-10-30T02:27:26.179634,128kB,4,512kB,8,1MB,8,2MB,16,48,64,3,2,0.959628,1.042071,2.636632,2.7475581754,1.883050,0.647135,2.530185,0.118293,118292660668
269,2025-10-30T02:27:28.682713,128kB,4,512kB,4,1MB,8,2MB,16,72,64,2,1,0.959619,1.042080,2.492671,2.5975625865,1.746540,0.645475,2.392015,0.118294,118293675500
270,2025-10-30T02:27:39.461964,128kB,4,64kB,2,512kB,8,2MB,16,48,64,2,1,0.958693,1.043087,2.236483,2.3328461727,1.578100,0.566000,2.144100,0.118408,118408029740
271,2025-10-30T02:42:50.702275,128kB,4,64kB,2,128kB,8,2MB,16,64,64,3,1,0.956719,1.045239,2.208827,2.3087524134,1.578390,0.534837,2.113227,0.118652,118652251536
274,2025-10-30T02:42:50.849199,128kB,4,512kB,4,1MB,8,2MB,16,72,72,2,1,0.959629,1.042069,2.494688,2.5996372132,1.748460,0.645516,2.393976,0.118292,118292425524
272,2025-10-30T02:42:51.023251,128kB,4,64kB,2,128kB,8,2MB,16,48,64,3,1,0.956670,1.045292,2.206494,2.3064308809,1.576150,0.534738,2.110888,0.118658,118658350524
273,2025-10-30T02:43:01.694786,128kB,4,128kB,4,512kB,8,2MB,16,48,72,2,1,0.959152,1.042588,2.359162,2.4596338566,1.688770,0.574024,2.262794,0.118351,118351385740
275,2025-10-30T02:43:01.883782,128kB,4,64kB,8,1MB,8,2MB,16,48,64,3,1,0.959209,1.042526,2.554164,2.6627820440,1.841560,0.608416,2.449976,0.118344,118344365692
277,2025-10-30T02:57:47.597212,128kB,4,512kB,2,128kB,8,2MB,16,48,64,3,1,0.959367,1.042354,2.414118,2.5163654734,1.741030,0.574995,2.316025,0.118325,118324855880
278,2025-10-30T02:58:00.398218,64kB,4,64kB,2,128kB,8,2MB,16,48,64,3,1,0.954155,1.048048,2.199902,2.3056029020,1.568980,0.530067,2.099047,0.118971,118971120128
276,2025-10-30T02:58:06.848242,128kB,4,512kB,4,256kB,8,2MB,16,64,64,4,1,0.959493,1.042217,2.429492,2.5320581208,1.745400,0.585681,2.331081,0.118309,118309214044
280,2025-10-30T02:58:11.722315,128kB,4,512kB,2,256kB,8,2MB,16,64,72,3,1,0.959442,1.042273,2.429461,2.5321618496,1.745240,0.585686,2.330926,0.118316,118315632428
279,2025-10-30T02:58:15.199570,128kB,4,64kB,2,512kB,8,2MB,16,48,72,3,2,0.958685,1.043096,2.238516,2.3349874527,1.579990,0.566041,2.146031,0.118409,118408984596
281,2025-10-30T03:12:50.268146,64kB,4,512kB,2,256kB,8,2MB,16,48,64,3,1,0.958505,1.043291,2.417540,2.5221977111,1.736350,0.580875,2.317225,0.118431,118431185236
282,2025-10-30T03:13:17.338974,128kB,4,64kB,4,512kB,8,2MB,16,48,64,3,1,0.959016,1.042735,2.289276,2.3871078803,1.628450,0.567003,2.195453,0.118368,118368092864
283,2025-10-30T03:13:18.895955,128kB,4,1MB,4,1MB,8,2MB,16,72,64,2,1,0.959641,1.042056,2.690795,2.8039589902,1.887710,0.694488,2.582198,0.118291,118290900896
284,2025-10-30T03:13:21.583264,128kB,4,64kB,2,128kB,8,2MB,16,64,72,3,1,0.956677,1.045285,2.210913,2.3110337946,1.580250,0.534879,2.115129,0.118658,118657508480
285,2025-10-30T03:13:36.906756,64kB,4,512kB,4,512kB,8,2MB,16,48,64,3,1,0.958549,1.043243,2.441275,2.5468432730,1.738460,0.601623,2.340083,0.118426,118425720756
286,2025-10-30T03:28:08.036908,128kB,4,512kB,4,1MB,8,2MB,16,64,80,2,1,0.959639,1.042058,2.495579,2.6005379091,1.749340,0.645516,2.394856,0.118291,118291244568
287,2025-10-30T03:28:28.112241,128kB,4,64kB,2,512kB,8,2MB,16,48,64,3,1,0.958693,1.043087,2.236483,2.3328461727,1.578100,0.566000,2.144100,0.118408,118408029740
289,2025-10-30T03:28:38.288409,64kB,4,64kB,2,256kB,8,2MB,16,64,72,3,1,0.956100,1.045916,2.213283,2.3149078094,1.575360,0.540759,2.116119,0.118729,118729144100
288,2025-10-30T03:28:47.009869,128kB,4,1MB,4,1MB,8,2MB,16,64,72,2,1,0.959630,1.042068,2.691712,2.8049465895,1.888560,0.694488,2.583048,0.118292,118292328896
290,2025-10-30T03:28:51.841683,128kB,4,64kB,2,512kB,8,2MB,16,48,64,2,1,0.958693,1.043087,2.236483,2.3328461727,1.578100,0.566000,2.144100,0.118408,118408029740
291,2025-10-30T03:43:04.570549,64kB,4,64kB,4,128kB,8,2MB,16,48,64,3,1,0.954376,1.047805,2.252906,2.3606066812,1.619050,0.531070,2.150120,0.118944,118943594476
292,2025-10-30T03:43:29.279565,64kB,4,64kB,2,128kB,8,2MB,16,48,64,2,1,0.954155,1.048048,2.199902,2.3056029020,1.568980,0.530067,2.099047,0.118971,118971120128
294,2025-10-30T03:43:48.233324,128kB,4,64kB,2,128kB,8,2MB,16,64,72,3,1,0.956677,1.045285,2.210913,2.3110337946,1.580250,0.534879,2.115129,0.118658,118657508480
293,2025-10-30T03:43:50.673339,128kB,4,64kB,2,512kB,8,2MB,16,64,72,3,1,0.958697,1.043082,2.240895,2.3374370130,1.582200,0.566140,2.148340,0.118407,118407415224
295,2025-10-30T03:43:55.711630,128kB,4,64kB,2,256kB,8,2MB,16,48,64,2,1,0.958228,1.043593,2.215432,2.3120094317,1.577600,0.545289,2.122889,0.118465,118465426772
296,2025-10-30T03:58:06.928148,128kB,4,128kB,2,1MB,16,2MB,16,64,64,2,1,0.959166,1.042572,2.336789,2.4362703237,1.623000,0.618369,2.241369,0.118350,118349559804
297,2025-10-30T03:58:44.394033,64kB,4,512kB,2,128kB,8,2MB,16,64,64,2,1,0.957975,1.043869,2.409483,2.5151851094,1.737800,0.570424,2.308224,0.118497,118496810880
299,2025-10-30T03:58:56.967693,64kB,4,64kB,2,128kB,8,2MB,16,48,64,2,1,0.954155,1.048048,2.199902,2.3056029020,1.568980,0.530067,2.099047,0.118971,118971120128
298,2025-10-30T03:58:57.129715,64kB,4,64kB,2,128kB,8,2MB,16,64,72,2,1,0.954183,1.048017,2.204303,2.3101465353,1.573100,0.530208,2.103308,0.118968,118967603916
300,2025-10-30T03:59:03.362499,128kB,4,1MB,4,1MB,8,2MB,16,72,64,2,1,0.959641,1.042056,2.690795,2.8039589902,1.887710,0.694488,2.582198,0.118291,118290900896
301,2025-10-30T04:13:52.691337,128kB,4,1MB,2,256kB,8,2MB,16,48,64,3,2,0.959572,1.042131,2.622240,2.7327178477,1.882530,0.633699,2.516229,0.118299,118299430340
305,2025-10-30T04:14:12.353365,128kB,4,64kB,4,128kB,8,2MB,16,48,64,2,1,0.956902,1.045039,2.259469,2.3612336596,1.626350,0.535741,2.162091,0.118630,118629618688
302,2025-10-30T04:14:14.534416,128kB,4,64kB,2,256kB,8,2MB,16,48,64,2,1,0.958228,1.043593,2.215432,2.3120094317,1.577600,0.545289,2.122889,0.118465,118465426772
304,2025-10-30T04:14:16.772380,64kB,4,512kB,2,1MB,8,2MB,16,64,80,2,1,0.958667,1.043115,2.486076,2.5932629567,1.742510,0.640809,2.383319,0.118411,118411140400
303,2025-10-30T04:14:18.180318,128kB,4,64kB,2,512kB,8,2MB,16,48,64,2,1,0.958693,1.043087,2.236483,2.3328461727,1.578100,0.566000,2.144100,0.118408,118408029740
306,2025-10-30T04:29:05.067569,128kB,4,64kB,4,128kB,8,2MB,16,64,64,3,1,0.956898,1.045044,2.261872,2.3637561101,1.628540,0.535840,2.164380,0.118630,118630189888
309,2025-10-30T04:29:18.278654,64kB,4,512kB,2,128kB,8,2MB,16,48,64,2,1,0.957975,1.043869,2.407094,2.5126908719,1.735610,0.570325,2.305935,0.118497,118496810880
307,2025-10-30T04:29:27.657427,128kB,4,128kB,4,512kB,8,2MB,16,48,64,2,1,0.959158,1.042581,2.357132,2.4575007925,1.686880,0.573982,2.260862,0.118351,118350568448
308,2025-10-30T04:29:30.948323,128kB,4,512kB,4,512kB,8,2MB,16,48,80,2,1,0.959569,1.042135,2.452620,2.5559610506,1.747080,0.606377,2.353457,0.118300,118299923476
310,2025-10-30T04:29:33.596581,128kB,4,64kB,2,1MB,8,2MB,16,48,64,2,1,0.958831,1.042937,2.276952,2.3747169986,1.578170,0.605041,2.183211,0.118391,118390983228
311,2025-10-30T04:44:09.495334,64kB,4,64kB,2,128kB,8,2MB,16,48,72,2,1,0.954174,1.048027,2.201914,2.3076654906,1.570900,0.530109,2.101009,0.118969,118968812480
312,2025-10-30T04:44:18.624094,64kB,4,64kB,2,256kB,8,2MB,16,48,64,3,1,0.956119,1.045895,2.208844,2.3102193939,1.571300,0.540618,2.111918,0.118727,118726725068
314,2025-10-30T04:44:27.562513,64kB,4,64kB,2,128kB,8,2MB,16,64,72,3,1,0.954183,1.048017,2.204303,2.3101465353,1.573100,0.530208,2.103308,0.118968,118967603916
313,2025-10-30T04:44:40.998479,128kB,4,64kB,4,512kB,8,2MB,16,64,72,3,1,0.959028,1.042722,2.293689,2.3916801262,1.632570,0.567143,2.199713,0.118367,118366640112
315,2025-10-30T04:44:44.502444,128kB,4,512kB,2,512kB,8,2MB,16,64,64,2,1,0.959549,1.042156,2.448844,2.5520770285,1.743430,0.606356,2.349786,0.118302,118302297764
316,2025-10-30T04:59:25.081637,128kB,4,128kB,4,512kB,8,2MB,16,48,64,2,1,0.959158,1.042581,2.357132,2.4575007925,1.686880,0.573982,2.260862,0.118351,118350568448
317,2025-10-30T04:59:38.513447,128kB,4,512kB,4,512kB,8,2MB,16,64,64,3,1,0.959566,1.042138,2.450965,2.5542435141,1.745470,0.606392,2.351862,0.118300,118300233828
318,2025-10-30T04:59:40.441874,64kB,4,64kB,4,1MB,8,2MB,16,72,64,2,1,0.958248,1.043571,2.325559,2.4268863083,1.626950,0.601513,2.228463,0.118463,118462960616
319,2025-10-30T04:59:54.139480,128kB,4,128kB,2,1MB,8,2MB,16,48,72,2,1,0.959118,1.042625,2.331039,2.4304000171,1.622670,0.613071,2.235741,0.118356,118355567876
320,2025-10-30T05:00:16.432511,64kB,4,64kB,2,128kB,8,2MB,16,48,64,3,1,0.954155,1.048048,2.199902,2.3056029020,1.568980,0.530067,2.099047,0.118971,118971120128
321,2025-10-30T05:14:39.229641,128kB,4,128kB,2,128kB,8,2MB,16,64,64,3,1,0.957966,1.043878,2.259594,2.3587404415,1.621790,0.542825,2.164615,0.118498,118497836660
322,2025-10-30T05:14:49.646679,128kB,4,64kB,4,512kB,8,2MB,16,48,64,3,1,0.959016,1.042735,2.289276,2.3871078803,1.628450,0.567003,2.195453,0.118368,118368092864
323,2025-10-30T05:14:53.378912,128kB,4,64kB,2,256kB,8,2MB,16,48,72,3,1,0.958225,1.043596,2.217464,2.3141366531,1.579500,0.545330,2.124830,0.118466,118465822804
324,2025-10-30T05:15:04.056375,128kB,4,64kB,2,512kB,8,2MB,16,48,72,2,1,0.958685,1.043096,2.238516,2.3349874527,1.579990,0.566041,2.146031,0.118409,118408984596
325,2025-10-30T05:15:25.461509,128kB,4,512kB,4,512kB,8,2MB,16,72,64,2,1,0.959566,1.042138,2.452082,2.5554077614,1.746500,0.606434,2.352934,0.118300,118300233828
326,2025-10-30T05:29:53.508899,128kB,4,1MB,8,1MB,8,2MB,16,48,64,3,2,0.959679,1.042015,2.787559,2.9046782199,1.980240,0.694922,2.675162,0.118286,118286348432
327,2025-10-30T05:30:08.096788,128kB,4,64kB,2,512kB,8,2MB,16,48,64,3,1,0.958693,1.043087,2.236483,2.3328461727,1.578100,0.566000,2.144100,0.118408,118408029740
329,2025-10-30T05:30:16.692645,64kB,4,64kB,2,128kB,8,2MB,16,48,64,3,1,0.954155,1.048048,2.199902,2.3056029020,1.568980,0.530067,2.099047,0.118971,118971120128
328,2025-10-30T05:30:20.085571,128kB,4,512kB,4,1MB,8,2MB,16,64,72,3,1,0.959629,1.042069,2.493562,2.5984633469,1.747420,0.645475,2.392895,0.118292,118292425524
330,2025-10-30T05:30:34.184137,128kB,4,1MB,4,1MB,8,2MB,16,72,64,2,1,0.959641,1.042056,2.690795,2.8039589902,1.887710,0.694488,2.582198,0.118291,118290900896
333,2025-10-30T05:45:36.071917,64kB,4,512kB,2,128kB,8,2MB,16,48,64,3,1,0.957975,1.043869,2.407094,2.5126908719,1.735610,0.570325,2.305935,0.118497,118496810880
331,2025-10-30T05:45:42.753057,128kB,4,128kB,2,128kB,8,2MB,16,48,64,2,1,0.957976,1.043868,2.257194,2.3562130034,1.619610,0.542727,2.162337,0.118497,118496634760
335,2025-10-30T05:45:50.006802,128kB,4,512kB,2,1MB,8,2MB,16,64,72,2,1,0.959558,1.042146,2.491540,2.5965481630,1.745340,0.645438,2.390778,0.118301,118301235808
334,2025-10-30T05:45:55.599617,128kB,4,512kB,2,256kB,8,2MB,16,48,64,3,1,0.959434,1.042281,2.425040,2.5275728715,1.741120,0.585546,2.326666,0.118317,118316571100
332,2025-10-30T05:46:00.993617,128kB,4,64kB,2,1MB,8,2MB,16,48,64,2,1,0.958831,1.042937,2.276952,2.3747169986,1.578170,0.605041,2.183211,0.118391,118390983228
337,2025-10-30T06:00:41.841446,128kB,4,64kB,2,256kB,8,2MB,16,48,64,2,1,0.958228,1.043593,2.215432,2.3120094317,1.577600,0.545289,2.122889,0.118465,118465426772
336,2025-10-30T06:00:58.538803,128kB,4,128kB,2,1MB,8,2MB,16,64,64,2,1,0.959116,1.042627,2.331395,2.4307756842,1.622950,0.613128,2.236078,0.118356,118355795880
339,2025-10-30T06:01:06.559488,64kB,4,512kB,8,1MB,8,2MB,16,48,64,3,2,0.958619,1.043167,2.629682,2.7431976251,1.878400,0.642464,2.520864,0.118417,118417049940
338,2025-10-30T06:01:07.095213,128kB,4,1MB,4,1MB,8,2MB,16,48,64,3,2,0.959643,1.042054,2.687277,2.8002877372,1.884480,0.694347,2.578827,0.118291,118290750004
340,2025-10-30T06:01:13.597530,128kB,4,64kB,2,512kB,8,2MB,16,48,64,3,1,0.958693,1.043087,2.236483,2.3328461727,1.578100,0.566000,2.144100,0.118408,118408029740
341,2025-10-30T06:16:10.152328,64kB,4,64kB,4,512kB,8,2MB,16,48,72,3,2,0.958043,1.043794,2.283658,2.3836689779,1.625470,0.562374,2.187844,0.118488,118488274296
342,2025-10-30T06:16:18.157813,128kB,4,64kB,2,512kB,8,2MB,16,64,72,3,1,0.958697,1.043082,2.240895,2.3374370130,1.582200,0.566140,2.148340,0.118407,118407415224
344,2025-10-30T06:16:28.289094,128kB,4,128kB,4,1MB,8,2MB,16,48,72,2,1,0.959287,1.042441,2.399631,2.5014741806,1.688870,0.613065,2.301935,0.118335,118334626732
345,2025-10-30T06:16:32.961177,128kB,4,64kB,2,1MB,8,2MB,16,48,64,2,1,0.958831,1.042937,2.276952,2.3747169986,1.578170,0.605041,2.183211,0.118391,118390983228
343,2025-10-30T06:16:33.331880,64kB,4,64kB,2,256kB,8,2MB,16,64,72,2,1,0.956100,1.045916,2.213283,2.3149078094,1.575360,0.540759,2.116119,0.118729,118729144100
346,2025-10-30T06:31:21.062620,64kB,4,64kB,2,128kB,8,2MB,16,48,64,3,1,0.954155,1.048048,2.199902,2.3056029020,1.568980,0.530067,2.099047,0.118971,118971120128
347,2025-10-30T06:31:35.180938,128kB,4,64kB,2,512kB,8,2MB,16,48,64,2,1,0.958693,1.043087,2.236483,2.3328461727,1.578100,0.566000,2.144100,0.118408,118408029740
349,2025-10-30T06:31:40.312142,64kB,4,512kB,2,128kB,8,2MB,16,64,72,2,1,0.958010,1.043830,2.411461,2.5171556333,1.739740,0.570465,2.310205,0.118492,118492404072
348,2025-10-30T06:31:42.195024,64kB,4,512kB,4,512kB,16,2MB,16,64,72,2,1,0.958597,1.043191,2.447072,2.5527630146,1.742610,0.603146,2.345756,0.118420,118419781704
350,2025-10-30T06:31:55.596170,128kB,4,64kB,8,512kB,8,2MB,16,48,64,3,1,0.959044,1.042705,2.513727,2.6210758642,1.841400,0.569375,2.410775,0.118365,118364596168
351,2025-10-30T06:46:42.382304,128kB,4,64kB,2,128kB,8,2MB,16,48,64,3,1,0.956670,1.045292,2.206494,2.3064308809,1.576150,0.534738,2.110888,0.118658,118658350524
352,2025-10-30T06:46:54.870974,64kB,4,64kB,2,128kB,8,2MB,16,64,64,3,1,0.954183,1.048017,2.202257,2.3080025763,1.571190,0.530166,2.101356,0.118968,118967629620
353,2025-10-30T06:46:57.178841,64kB,4,64kB,2,128kB,8,2MB,16,48,64,2,1,0.954155,1.048048,2.199902,2.3056029020,1.568980,0.530067,2.099047,0.118971,118971120128
354,2025-10-30T06:47:06.607053,64kB,4,64kB,2,512kB,8,2MB,16,48,64,2,1,0.957689,1.044180,2.228749,2.3272150857,1.573120,0.561329,2.134449,0.118532,118532084860
355,2025-10-30T06:47:22.382848,128kB,4,1MB,4,1MB,8,2MB,16,72,64,3,1,0.959641,1.042056,2.690795,2.8039589902,1.887710,0.694488,2.582198,0.118291,118290900896
357,2025-10-30T07:02:28.040887,128kB,4,64kB,2,128kB,8,2MB,16,48,64,3,1,0.956670,1.045292,2.206494,2.3064308809,1.576150,0.534738,2.110888,0.118658,118658350524
358,2025-10-30T07:02:36.345316,128kB,4,512kB,4,1MB,8,2MB,16,64,72,2,1,0.959629,1.042069,2.493562,2.5984633469,1.747420,0.645475,2.392895,0.118292,118292425524
356,2025-10-30T07:02:39.644088,128kB,4,128kB,2,512kB,8,2MB,16,48,72,2,1,0.959018,1.042733,2.290519,2.3884002119,1.622620,0.574030,2.196650,0.118368,118367791080
359,2025-10-30T07:02:45.655615,64kB,4,128kB,4,1MB,8,2MB,16,48,72,2,1,0.958382,1.043425,2.392046,2.4959201300,1.684100,0.608394,2.292494,0.118446,118446377728
360,2025-10-30T07:02:58.420997,128kB,4,64kB,2,128kB,8,2MB,16,48,64,3,1,0.956670,1.045292,2.206494,2.3064308809,1.576150,0.534738,2.110888,0.118658,118658350524
365,2025-10-30T07:18:28.580533,64kB,4,64kB,2,512kB,8,2MB,16,48,64,3,1,0.957689,1.044180,2.228749,2.3272150857,1.573120,0.561329,2.134449,0.118532,118532084860
363,2025-10-30T07:18:35.331669,64kB,4,64kB,2,128kB,8,2MB,16,48,64,2,1,0.954155,1.048048,2.199902,2.3056029020,1.568980,0.530067,2.099047,0.118971,118971120128
362,2025-10-30T07:18:35.418616,64kB,4,64kB,2,128kB,8,2MB,16,48,64,2,1,0.954155,1.048048,2.199902,2.3056029020,1.568980,0.530067,2.099047,0.118971,118971120128
364,2025-10-30T07:18:36.645827,128kB,4,64kB,2,1MB,8,2MB,16,48,64,2,1,0.958831,1.042937,2.276952,2.3747169986,1.578170,0.605041,2.183211,0.118391,118390983228
361,2025-10-30T07:18:36.998955,128kB,4,64kB,2,128kB,8,2MB,16,48,64,3,1,0.956670,1.045292,2.206494,2.3064308809,1.576150,0.534738,2.110888,0.118658,118658350524
366,2025-10-30T07:33:46.017834,128kB,4,1MB,8,512kB,8,2MB,16,48,72,3,1,0.959642,1.042055,2.748956,2.8645630098,1.982090,0.655924,2.638014,0.118291,118290900896
368,2025-10-30T07:33:52.502355,128kB,4,1MB,8,1MB,8,2MB,16,48,64,2,1,0.959679,1.042015,2.787559,2.9046782199,1.980240,0.694922,2.675162,0.118286,118286348432
370,2025-10-30T07:33:56.624932,128kB,4,1MB,2,256kB,8,2MB,16,48,64,3,1,0.959572,1.042131,2.622240,2.7327178477,1.882530,0.633699,2.516229,0.118299,118299430340
367,2025-10-30T07:33:59.309199,128kB,4,1MB,4,1MB,8,2MB,16,48,64,2,2,0.959643,1.042054,2.687277,2.8002877372,1.884480,0.694347,2.578827,0.118291,118290750004
369,2025-10-30T07:33:59.406250,64kB,4,128kB,2,512kB,8,2MB,16,64,64,2,1,0.958075,1.043760,2.283169,2.3830800965,1.618030,0.569416,2.187446,0.118484,118484404892
371,2025-10-30T07:48:54.449080,128kB,4,128kB,2,256kB,8,2MB,16,64,64,2,1,0.958651,1.043132,2.269684,2.3675801755,1.622460,0.553376,2.175836,0.118413,118413093904
373,2025-10-30T07:49:01.244182,128kB,4,64kB,2,512kB,8,2MB,16,48,64,3,1,0.958693,1.043087,2.236483,2.3328461727,1.578100,0.566000,2.144100,0.118408,118408029740
372,2025-10-30T07:49:09.317281,64kB,4,64kB,2,128kB,8,2MB,16,64,64,3,1,0.954183,1.048017,2.202257,2.3080025763,1.571190,0.530166,2.101356,0.118968,118967629620
375,2025-10-30T07:49:15.725357,64kB,4,64kB,2,128kB,8,2MB,16,48,64,2,1,0.954155,1.048048,2.199902,2.3056029020,1.568980,0.530067,2.099047,0.118971,118971120128
374,2025-10-30T07:49:16.158455,128kB,4,64kB,2,128kB,8,2MB,16,64,64,3,1,0.956719,1.045239,2.208827,2.3087524134,1.578390,0.534837,2.113227,0.118652,118652251536
376,2025-10-30T08:04:20.571174,128kB,4,128kB,2,1MB,8,2MB,16,48,72,2,1,0.959118,1.042625,2.331039,2.4304000171,1.622670,0.613071,2.235741,0.118356,118355567876
377,2025-10-30T08:04:23.303350,128kB,4,64kB,4,512kB,8,2MB,16,48,64,3,1,0.959016,1.042735,2.289276,2.3871078803,1.628450,0.567003,2.195453,0.118368,118368092864
378,2025-10-30T08:04:25.424563,128kB,4,512kB,4,512kB,8,2MB,16,64,64,3,1,0.959566,1.042138,2.450965,2.5542435141,1.745470,0.606392,2.351862,0.118300,118300233828
379,2025-10-30T08:04:26.823096,128kB,4,64kB,2,512kB,8,2MB,16,48,64,3,1,0.958693,1.043087,2.236483,2.3328461727,1.578100,0.566000,2.144100,0.118408,118408029740
380,2025-10-30T08:04:31.593753,128kB,4,512kB,4,512kB,8,2MB,16,48,72,2,1,0.959573,1.042130,2.450584,2.5538274446,1.745180,0.606335,2.351515,0.118299,118299431768
381,2025-10-30T08:19:30.940307,128kB,4,64kB,2,1MB,8,2MB,16,48,64,2,1,0.958831,1.042937,2.276952,2.3747169986,1.578170,0.605041,2.183211,0.118391,118390983228
384,2025-10-30T08:19:39.969712,128kB,4,64kB,2,512kB,8,2MB,16,64,72,3,1,0.958697,1.043082,2.240895,2.3374370130,1.582200,0.566140,2.148340,0.118407,118407415224
382,2025-10-30T08:19:43.704391,128kB,4,64kB,2,256kB,8,2MB,16,48,64,3,1,0.958228,1.043593,2.215432,2.3120094317,1.577600,0.545289,2.122889,0.118465,118465426772
383,2025-10-30T08:19:46.001418,64kB,4,512kB,4,1MB,8,2MB,16,64,72,2,1,0.958629,1.043156,2.486293,2.5935919590,1.742630,0.640804,2.383434,0.118416,118415865176
385,2025-10-30T08:19:48.266935,128kB,4,512kB,4,512kB,8,2MB,16,64,72,3,1,0.959582,1.042120,2.452967,2.5562860397,1.747390,0.606434,2.353824,0.118298,118298200356
386,2025-10-30T08:34:37.796798,128kB,4,64kB,2,128kB,8,2MB,16,48,64,3,1,0.956670,1.045292,2.206494,2.3064308809,1.576150,0.534738,2.110888,0.118658,118658350524
387,2025-10-30T08:34:56.826001,64kB,4,128kB,2,1MB,8,2MB,16,48,72,2,1,0.958264,1.043554,2.323243,2.4244299421,1.617880,0.608400,2.226280,0.118461,118460974268
389,2025-10-30T08:34:56.964579,64kB,4,64kB,2,128kB,8,2MB,16,48,64,2,1,0.954155,1.048048,2.199902,2.3056029020,1.568980,0.530067,2.099047,0.118971,118971120128
388,2025-10-30T08:34:57.114555,128kB,4,64kB,2,512kB,8,2MB,16,64,64,3,1,0.958697,1.043082,2.238870,2.3353251660,1.580300,0.566099,2.146399,0.118407,118407461396
390,2025-10-30T08:35:00.813545,128kB,4,128kB,4,512kB,8,2MB,16,48,72,2,1,0.959152,1.042588,2.359162,2.4596338566,1.688770,0.574024,2.262794,0.118351,118351385740
394,2025-10-30T08:50:18.291993,128kB,4,512kB,2,1MB,8,2MB,16,48,72,2,1,0.959566,1.042138,2.489135,2.5940223264,1.743150,0.645339,2.388489,0.118300,118300261912
393,2025-10-30T08:50:19.090720,128kB,4,512kB,2,256kB,8,2MB,16,48,64,3,1,0.959434,1.042281,2.425040,2.5275728715,1.741120,0.585546,2.326666,0.118317,118316571100
391,2025-10-30T08:50:20.925372,128kB,4,64kB,2,512kB,8,2MB,16,48,72,3,1,0.958685,1.043096,2.238516,2.3349874527,1.579990,0.566041,2.146031,0.118409,118408984596
392,2025-10-30T08:50:21.879247,128kB,4,64kB,8,256kB,8,2MB,16,48,64,3,1,0.958490,1.043308,2.492822,2.6007808326,1.840680,0.548664,2.389344,0.118433,118433153020
395,2025-10-30T08:50:23.969558,64kB,4,64kB,2,512kB,8,2MB,16,64,64,2,1,0.957689,1.044180,2.231150,2.3297217127,1.575320,0.561428,2.136748,0.118532,118532084860
396,2025-10-30T09:05:30.363038,64kB,4,64kB,2,512kB,8,2MB,16,48,64,3,1,0.957689,1.044180,2.228749,2.3272150857,1.573120,0.561329,2.134449,0.118532,118532084860
397,2025-10-30T09:05:34.258840,128kB,4,512kB,4,256kB,8,2MB,16,48,72,4,1,0.959518,1.042190,2.429099,2.5315826172,1.745140,0.585624,2.330764,0.118306,118306150984
399,2025-10-30T09:05:38.227600,128kB,4,64kB,4,512kB,8,2MB,16,48,72,3,2,0.959028,1.042722,2.291292,2.3891804944,1.630370,0.567044,2.197414,0.118367,118366640112
398,2025-10-30T09:05:39.707888,128kB,4,64kB,2,128kB,8,2MB,16,64,64,3,1,0.956719,1.045239,2.208827,2.3087524134,1.578390,0.534837,2.113227,0.118652,118652251536
400,2025-10-30T09:05:39.866175,128kB,4,64kB,2,128kB,8,2MB,16,48,64,2,1,0.956670,1.045292,2.206494,2.3064308809,1.576150,0.534738,2.110888,0.118658,118658350524
401,2025-10-30T09:20:26.549140,64kB,4,512kB,2,128kB,8,2MB,16,64,64,3,1,0.957975,1.043869,2.409483,2.5151851094,1.737800,0.570424,2.308224,0.118497,118496810880
402,2025-10-30T09:20:37.535891,128kB,4,64kB,2,128kB,8,2MB,16,64,64,3,1,0.956719,1.045239,2.208827,2.3087524134,1.578390,0.534837,2.113227,0.118652,118652251536
403,2025-10-30T09:20:51.102349,128kB,4,64kB,4,512kB,8,2MB,16,48,72,3,2,0.959028,1.042722,2.291292,2.3891804944,1.630370,0.567044,2.197414,0.118367,118366640112
405,2025-10-30T09:20:56.187304,128kB,4,1MB,4,1MB,8,2MB,16,48,64,2,1,0.959643,1.042054,2.687277,2.8002877372,1.884480,0.694347,2.578827,0.118291,118290750004
404,2025-10-30T09:20:59.830420,128kB,4,512kB,4,512kB,8,2MB,16,64,80,2,1,0.959587,1.042115,2.454979,2.5583705293,1.749290,0.606476,2.355766,0.118298,118297653908
406,2025-10-30T09:35:35.808654,128kB,4,512kB,2,512kB,8,2MB,16,64,64,2,1,0.959549,1.042156,2.448844,2.5520770285,1.743430,0.606356,2.349786,0.118302,118302297764
407,2025-10-30T09:36:03.086894,64kB,4,64kB,4,1MB,8,2MB,16,48,64,2,1,0.958240,1.043580,2.322042,2.4232362578,1.623700,0.601373,2.225073,0.118464,118463965452
408,2025-10-30T09:36:11.522666,128kB,4,512kB,2,256kB,8,2MB,16,48,64,2,1,0.959434,1.042281,2.425040,2.5275728715,1.741120,0.585546,2.326666,0.118317,118316571100
410,2025-10-30T09:36:13.316864,128kB,4,512kB,2,512kB,8,2MB,16,48,64,3,1,0.959524,1.042183,2.446501,2.5497013580,1.741220,0.606257,2.347477,0.118305,118305434604
409,2025-10-30T09:36:15.111367,64kB,4,128kB,2,128kB,8,2MB,16,64,64,2,1,0.954760,1.047384,2.254059,2.3608657460,1.613930,0.538155,2.152085,0.118896,118895744100
411,2025-10-30T09:50:53.972143,128kB,4,64kB,2,512kB,8,2MB,16,48,64,3,1,0.958693,1.043087,2.236483,2.3328461727,1.578100,0.566000,2.144100,0.118408,118408029740
412,2025-10-30T09:51:14.758782,128kB,4,512kB,4,512kB,8,2MB,16,48,64,3,2,0.959567,1.042137,2.448568,2.5517428703,1.743270,0.606294,2.349564,0.118300,118300131012
413,2025-10-30T09:51:23.338045,128kB,4,1MB,4,1MB,8,2MB,16,48,64,2,1,0.959643,1.042054,2.687277,2.8002877372,1.884480,0.694347,2.578827,0.118291,118290750004
415,2025-10-30T09:51:30.693977,64kB,4,512kB,2,128kB,8,2MB,16,48,64,2,1,0.957975,1.043869,2.407094,2.5126908719,1.735610,0.570325,2.305935,0.118497,118496810880
414,2025-10-30T09:51:31.081045,128kB,4,128kB,2,1MB,8,2MB,16,48,72,2,1,0.959118,1.042625,2.331039,2.4304000171,1.622670,0.613071,2.235741,0.118356,118355567876
416,2025-10-30T10:06:13.436499,128kB,4,128kB,4,1MB,8,2MB,16,48,64,2,1,0.959234,1.042499,2.397667,2.4995658956,1.686900,0.613023,2.299923,0.118341,118341217428
417,2025-10-30T10:06:33.788366,128kB,4,64kB,2,1MB,8,2MB,16,48,72,2,1,0.958844,1.042922,2.278964,2.3767816434,1.580090,0.605082,2.185172,0.118389,118389227264
420,2025-10-30T10:06:37.756238,64kB,4,64kB,2,128kB,8,2MB,16,64,64,2,1,0.954183,1.048017,2.202257,2.3080025763,1.571190,0.530166,2.101356,0.118968,118967629620
419,2025-10-30T10:06:39.937157,128kB,4,128kB,4,1MB,8,2MB,16,48,72,2,1,0.959287,1.042441,2.399631,2.5014741806,1.688870,0.613065,2.301935,0.118335,118334626732
418,2025-10-30T10:06:40.273357,128kB,4,64kB,4,1MB,8,2MB,16,48,64,2,1,0.959158,1.042581,2.329734,2.4289361728,1.628540,0.606043,2.234583,0.118351,118350516564
